295.9335071633195,160.0,79.5,81.6407861747851,121.9817203634278,4.820092828954871e-05,0.08169951293651635,-0.0004834520315856098,0.0777848300938588,-0.04207215199628665,-0.10333555481633828,1.6825349769811856e-06,-1.0719879389283064e-05,-1.0485290398926497e-06,-2.9222897374106e-05,-0.054471211144343,-3.095782826434816e-05,0.08290817832304141,0.08208013573799948,344801.6407861748,-0.00019903626637257155,0.004036852238538688,-0.0003494590895487375,0.013778403663353662,1.1968284913612606e-05,-3.630466959168873e-06,-1.0863107047114302e-05,0.05448121438419764,0.0004216670275157037,0.5725196991404011,0.0777848300938588,-0.04207215199628665,-0.10333555481633828,2.24104988363198,1.6840523948583799,1.8800943029626058,5.80519658145301,0.0027949247536836427,-0.004433812924058474,0.0026274812815102024,-0.002249906131894224,-0.0006000287051261609,-0.0018165457668052236,-4.2358856877735376e-05,0.002237779077861213,-4.54201658663584e-05,-3.479416765037601e-06,-3.957651937105141e-06,1.3335535209901873e-07,-4.0085758770639723e-05,-3.6102924623491037e-06,-5.394199682532919e-05,-4.408660332152971e-06,-4.8619210225963404e-05,2.5005022020670802e-08,6.203303287988552e-05,0.00011240090611066849,9.913997224928896e-05,-1.6754488802466306e-05,-3.899053696595647e-05,6.6513004782774994e-06,2.785882747383033e-05,0.0001925964644974006,2.391446883341121e-05,0.004047157250587554,0.025648281838555814,0.003461326304183489,-1.4146408441099401e-08,5.474752307976832e-07,1.1176695339571188e-07,0.004613289454998747,0.004706838730827009,0.060072018459103545,0.06129017177014296,0.004470215013410499,0.004560862994938787,-0.001732356210021368,0.03462374076446095,-0.0015556547056576333,0.0008327363896848138,0.0008327363896848138,5.0,0.01,1.0,0.5,1.1111111,1.1111111,1.0,0.07027280000000001,0.07027280000000001,0.0190985930335423
308.6412966476835,160.0,79.5,80.03808902593295,67.3494789090481,0.0003821766207269447,0.13911541068785566,0.00035584511213974213,-0.0008965060859337105,-0.006945500041065407,-0.039999125413439036,9.430488171859839e-07,-1.7943493653906477e-05,1.98299103426771e-07,-3.2338126591021304e-05,-0.05447019546766189,-3.389006942034641e-05,0.14107534465705396,0.13966609120756324,359600.03808902594,0.00011402045482704449,0.003744667997311776,0.0002925534132839822,0.024265912398437416,5.303600913237432e-06,-1.8293974936749034e-05,-7.477411216100274e-06,0.05447274995343981,0.0003367961491557122,0.6054316888045541,-0.0008965060859337105,-0.006945500041065407,-0.039999125413439036,2.2025639326505444,1.698017018242746,2.1976794491433647,6.098260400036624,0.005352922870692723,-0.009272953790695702,0.005169267290762049,-0.0035502709003481245,0.005596295816714531,-0.003498682561009341,-1.7442355277047968e-05,0.0003612411533872298,-1.4000328036881975e-05,-6.1974994053712095e-06,-7.906684377517419e-06,-7.161453659235422e-06,-1.747134660434531e-05,-6.196653956367254e-06,-1.7081591470282936e-05,-8.031310913427555e-06,-1.5355901173896595e-05,-7.153521868528256e-06,1.2649088658467061e-05,3.0749062572511835e-05,3.060906281955119e-05,6.047473761421962e-06,6.953996695824296e-06,-2.035922222866675e-05,6.067121890092262e-05,0.0006145072726424367,7.069684402112002e-05,0.00304780662937663,0.030171696548814884,0.003547902691349425,8.30143508496162e-08,1.0792353459459069e-06,2.522991750423304e-08,0.0020653543526460397,0.002107244148093012,0.05942427180384595,0.060629522896600854,0.0022727742116625234,0.0023188709246559727,-0.0013339604368354512,0.012783868760520614,-0.0015739026958779608,0.0015852308665401645,0.0015852308665401645,10.0,0.01,1.0,0.5,1.1111111,1.1111111,1.0,0.035136400000000005,0.035136400000000005,0.0190985930335423
298.23859716599014,160.0,79.5,77.62403002699055,63.42554192533112,0.00043415554907743297,0.23670127120866824,0.0004864100438570811,0.005930610445728267,0.07878461868443085,0.004945838237401064,4.2429029314428603e-07,-2.1349456028487262e-05,-5.040191375485014e-07,-3.750228369042407e-05,-0.05448099476425395,-4.1593790644060876e-05,0.24014798496291398,0.23774798074948483,352317.624030027,-0.00011328217798746176,0.0003309007801956821,4.9923923282004325e-06,0.025415744664819072,-1.425292787726079e-06,-1.2534824983130418e-05,-2.544037460894024e-06,0.054481702516676445,0.0002644136756304606,0.5374240890688259,0.005930610445728267,0.07878461868443085,0.004945838237401064,2.4434864273879624,1.7246576570095473,2.5597860145739415,6.727930098971365,0.002441274847491969,-0.0039470214544957355,0.0026711558880807207,-0.0018197583707396867,0.024254822260549005,-0.0017625662421488593,3.7829852096123214e-06,-0.004299853166726616,4.596429381838233e-06,3.372298770489081e-07,-8.221998432153872e-06,2.289915218367289e-06,4.005396645005394e-06,3.347135766043548e-07,-7.588768676127878e-06,-6.539989679829448e-06,4.802145542043948e-06,2.2924080154901727e-06,-9.402761378395988e-06,3.313778599803442e-05,-9.678752731105855e-06,6.099796928773508e-07,6.236892851470876e-06,-6.075751522221052e-06,3.554957451010843e-05,0.0009084837102715403,3.818260280577422e-05,0.0006161971868696403,0.01575095548311299,0.0006620752488916731,6.108966251975614e-08,2.414470279924085e-06,1.454393394989943e-07,0.00037070561267366146,0.0003782277430299852,0.03643459591714012,0.03717390433492167,0.00031257060387151,0.00031891309437472623,-0.0002507953303305588,-0.00783235010639821,-0.00029146061235573253,0.0016573886639676112,0.0016573886639676112,25.0,0.01,1.0,0.5,1.1111111,1.1111111,1.0,0.014054599999999999,0.014054599999999999,0.0190985930335423
292.50417302260036,160.0,79.5,81.07793961864407,91.40711371830734,0.0016653912103422332,0.3339610060116495,0.0012581506918151032,0.058541863596280684,0.01382806009511251,-0.03693480474787754,-4.191878139020581e-06,-5.025876725013895e-06,-2.2282304145142773e-08,-4.669745113677968e-05,-0.054396155968396934,-4.6630845522121175e-05,0.3368424058731901,0.3334760902665792,347041.07793961867,1.6284068791119277e-05,-0.002930288475459056,-0.00011419323120433015,0.02404094626353097,2.62003555322673e-07,1.1791611052259769e-05,-9.214919704532301e-06,0.054397114734762116,0.0004607701502818529,0.5957097457627119,0.058541863596280684,0.01382806009511251,-0.03693480474787754,2.0986818816190516,1.49774999576034,2.0862845780810053,5.682716455460445,0.0006333553618864665,-0.0004493548413859459,0.0008193629679647558,-0.0004242379524284613,0.006662625015519579,-0.0005085427704353334,-1.1741541515755906e-06,-0.0007613314478299496,1.9121275023912347e-06,-8.120276850317568e-06,-1.3268617970851773e-05,-8.21557091361742e-06,1.5596016631677206e-06,-7.874876492090796e-06,-9.138134155802325e-06,-1.319911984546788e-05,1.8982632780327834e-07,-8.216393906170076e-06,1.5978430182154737e-06,-2.9089810502591613e-06,6.359296892791471e-07,4.5653397525119344e-07,-7.254969215816374e-06,4.332490327651434e-06,7.582183361010197e-05,0.0006607917402788232,9.52686900370246e-05,0.0006682504236233298,0.005748184541255497,0.0008395319397532857,1.4792538546558547e-07,-5.258871565445263e-08,2.0414002121658624e-07,0.0004733951276735945,0.00048300085855668357,0.01013746562329301,0.01034316644470331,0.0005842752304423755,0.0005961308459677595,-0.00033475935233203124,-0.011715256893227617,-0.0003906731099542106,0.001249117231638418,0.001249117231638418,50.0,0.01,1.0,0.5,1.1111111,1.1111111,1.0,0.007027299999999999,0.007027299999999999,0.0190985930335423
238.0533979591795,160.0,79.5,79.1677375637755,34.465465930537874,0.0022411303630081097,0.43044484287308676,0.0006903137859691727,0.03089910150214371,-0.06497800111876659,-0.0715591045157896,1.1425682069425758e-05,-1.545154658165415e-05,1.4673960206255183e-05,-4.075474206273177e-05,-0.05402334818160065,-3.9423163038926156e-05,0.43141498296088043,0.4271036023655919,356479.1677375638,0.00014658651316642635,-0.0060978003109056125,0.001421220274946968,0.06433735395548731,6.864928713218187e-05,-0.00013090651466836508,8.233691904421122e-05,0.05416613147135697,0.005052070277481212,0.5923628826530613,0.03089910150214371,-0.06497800111876659,-0.0715591045157896,2.1128583437495587,1.2866551018527101,2.0752217397626436,5.474735185364886,0.003960268708098219,-0.0024797223037283968,-0.0012438797596493914,-0.002162746020881344,-0.027081992270819727,0.00035187197320809573,-0.00028195836070751855,0.0035863896939516346,-0.00037178506384170776,-0.00022370042020778831,6.942032515353895e-05,-0.00026563005533401525,-0.00028069907579583183,-0.00022405346351778006,7.60605153680694e-05,6.841631454247021e-05,-0.00037460615008594236,-0.00026457999988195374,0.0004351376628859475,-0.0002720701585892875,0.0004488205153116144,1.6565068228808886e-05,-6.304784741173583e-05,-1.1101233331787749e-05,0.001833482289714133,0.0018530176063557594,0.00183038601218153,0.009851019563363244,0.009756314696927134,0.009823646430713848,3.1193453568392916e-06,2.87282808954828e-06,2.7817671500348336e-06,0.004287813158429512,0.004374816402779861,0.009273116730014701,0.009461275871035995,0.0042249237772852425,0.004310650944532209,-0.004702761579500327,-0.01866979926150673,-0.004740369018738489,0.002622767857142857,0.002622767857142857,80.0,0.01,1.0,0.5,1.1111111,1.1111111,1.0,0.0043921,0.0043921,0.0190985930335423
229.8435749063767,800.0,399.5,394.555550093633,63.211220461964984,-3.2381302547572614e-05,0.06521414581863982,0.00025035683059029747,-0.005864320424652591,0.009852125744061965,-0.012162050370741244,5.507042936622145e-06,-5.193528474790746e-06,1.0327474789138504e-06,-2.2351567263785173e-05,-0.0521390609674633,-2.7593614195982842e-05,0.06741044879970115,0.06404327177262302,1646394.5555500935,0.00016673119398988501,0.005429724345854628,3.0813002145139716e-05,0.018935933042594454,-4.048194185447703e-05,5.048639747191084e-05,6.134835322208923e-05,0.05227742375707589,0.003791070688653697,0.5832116104868914,-0.005864320424652591,0.009852125744061965,-0.012162050370741244,0.7524180512191971,0.6866010112818426,0.712902455675298,2.151921518176318,0.0012374419119529053,-0.002036852569715354,0.0006573032045670928,-0.001015106349563152,0.001865551968714265,-0.00035311028456008547,-0.0004770370864131837,-0.000976787226921561,-0.00043860708981539236,-2.874335661869754e-06,2.8039003915902484e-07,-6.7469198323830635e-06,-0.00047716816316560216,-2.842040597496855e-06,-0.000463106642092777,3.315573347480074e-07,-0.0004389426847411532,-6.734359505524331e-06,0.00084012663617248,0.0007937765802030899,0.000667792819275762,1.9961177246392074e-05,4.6737680158646706e-05,3.7415952069845664e-05,7.345757534269441e-05,0.0003164151768889047,8.902791421497126e-05,0.01615912224995075,0.06314318310033125,0.019591474803234275,5.127085768697163e-07,-5.911252603664785e-07,-6.297577978434086e-08,0.03176398632007922,0.03519187580305753,0.20482068256194788,0.22692441527910978,0.054610566428104995,0.06050400135255019,-0.00893562594368087,0.04476391909838082,-0.010102119837009817,0.001694756554307116,0.001694756554307116,5.0,0.05,1.0,0.5,1.1111111,1.1111111,1.0,0.07027280000000001,0.07027280000000001,0.0954929651677115
240.73743072703164,800.0,399.5,397.34342078189303,36.18309514443709,0.00024087102837488171,0.10828046680590103,0.00019092392664047444,0.006699925713422794,0.04185740749687649,0.0020099244548599095,2.2916446174776526e-06,9.642299765554292e-08,5.367643644741298e-08,-2.975303047544939e-05,-0.05215052310665197,-3.157866410242265e-05,0.11400262643832605,0.10830697001943583,1724397.343420782,-0.00019170484827115523,0.004931500945301764,7.695780730088555e-05,0.02658449211455694,-2.752102273981738e-06,-1.8594975308639933e-05,-2.564723541456104e-05,0.052194004424017545,0.0018988975611461294,0.5911968449931413,0.006699925713422794,0.04185740749687649,0.0020099244548599095,0.8286084242688802,0.7283003821114358,0.8453402171615386,2.402249023541904,0.003115346873322742,-0.005994151543029154,0.002979957978987652,-0.0020286775479737237,0.007970385477096699,-0.002046999598687373,-0.00018346776516529523,-0.0024017162691461792,-0.000183001265324341,-2.2464182546252125e-05,-7.069951884336846e-06,-1.8530473969709425e-05,-0.0001832684220713587,-2.2479536394951052e-05,-0.0002188305722956993,-7.073987901041425e-06,-0.0001829377945951105,-1.8530581855290868e-05,0.00032295566350592066,0.0004233915980719474,0.00031036096851607005,-1.9652511203508162e-05,2.472033987308155e-05,-3.8892949760650504e-05,0.00015792700854682547,0.0005880863431084305,0.00015058637218459602,0.012148582856823575,0.04337801364137018,0.011586142774571435,7.395767163744973e-07,-1.6607216174997134e-06,1.4683368027274828e-06,0.012988971761941494,0.014391023220888137,0.0613508169064489,0.06797312727309324,0.012702583070311121,0.014073721252188543,-0.005854835369776171,0.019751924024868292,-0.005512125091195103,0.0025377229080932786,0.0025377229080932786,10.0,0.05,1.0,0.5,1.1111111,1.1111111,1.0,0.035136400000000005,0.035136400000000005,0.0954929651677115
249.67597750280902,800.0,399.5,402.49264060742405,22.192124013878402,0.00046270718661115716,0.19547207400155048,0.0002993611816880206,-0.0012479640382241836,0.043285929549433326,0.008283178805308981,1.267102081776158e-06,-9.708065557526929e-06,3.484048129412531e-06,-3.509447521331566e-05,-0.05213253442562104,-3.35498222014844e-05,0.2047857254902042,0.1945548989462932,1788402.4926406075,-1.4676734914157133e-05,-5.697807100675673e-05,-0.00010206918632375483,0.03764227432816428,4.773117024038609e-06,-3.0382877109110438e-05,-4.987801432834363e-06,0.05214464620745938,0.00156646794455249,0.5408408323959505,-0.0012479640382241836,0.043285929549433326,0.008283178805308981,0.9654393552439439,0.6663998123873951,0.9985397237906538,2.63037889142204,0.005228456611121244,-0.009960299620049833,0.004745440937110154,-0.0035512592334368846,0.013582628537879596,-0.0034254309469196192,-5.7862550429354056e-05,-0.002362354876813657,-7.109698952313487e-05,-4.190036274081907e-05,-3.0120412248610984e-05,-4.856577242926086e-05,-5.790634707236169e-05,-4.1898781442986984e-05,-0.00010574966443290325,-2.9700189606825825e-05,-7.081909034695377e-05,-4.8594631422882746e-05,9.720311262825065e-05,0.00022086898043769025,9.811711239053959e-05,1.5476007123572296e-05,-2.193763850913968e-05,-7.691967494178335e-06,0.0002908224747559815,0.001303337429505891,0.00029478210206065674,0.006934709646024647,0.031078240541486418,0.00702888439344126,8.242547787914844e-07,-1.3346512285234687e-06,1.0293569512795173e-06,0.003950950774607575,0.004377404086047647,0.028822197439133154,0.031933175591503195,0.0038610780644803564,0.0042778307957237445,-0.0029081595711634924,-0.01411296076324189,-0.002943579940164089,0.00406917885264342,0.00406917885264342,25.0,0.05,1.0,0.5,1.1111111,1.1111111,1.0,0.014054599999999999,0.014054599999999999,0.0954929651677115
239.45251416431486,800.0,399.5,398.57421388101983,16.124426802945933,0.0002109270688977466,0.2805123466568611,0.0012112200019743602,1.2062805747948457e-05,0.02365903650144154,-0.007361321733712298,-5.806037527021741e-06,1.5267239497924915e-05,6.55941217477162e-06,-5.195450824339327e-05,-0.052068261514136495,-4.036933986080921e-05,0.2918742640440703,0.27728668272379026,1715198.574213881,0.00012353591081598546,-0.006566913431657184,-0.0002543211894902951,0.056105933606706265,-1.3163152231582989e-05,-5.294044390049584e-05,-5.009567538552161e-06,0.0521800124863554,0.004676659835848656,0.579228045325779,1.2062805747948457e-05,0.02365903650144154,-0.007361321733712298,0.8870670298239037,0.4536518434015666,0.8473503541864758,2.188069227411913,0.003577070353989236,-0.006354285735713453,0.0029353181995361954,-0.002544332151678085,0.010156075539862077,-0.001981680999750207,-0.00040041000207992366,-0.0011972236080628224,-0.0003774059251420678,-0.0002957061633832016,6.559544838995276e-05,-0.0002844397521940108,-0.0004004093753627789,-0.0002957060933461046,3.466129166678782e-05,6.523424021339105e-05,-0.0003777030968409532,-0.00028439146625061634,0.0006572341675196343,-6.773379975142888e-05,0.0005845295043031216,1.1868975982124137e-05,1.8683074940040593e-05,2.963932340649381e-05,0.000900044170477181,0.002195329181058462,0.000906468697041379,0.010564886937792345,0.02526341148535533,0.010639720422531095,2.120490493986662e-06,-7.981146249729318e-07,2.2389363515274022e-06,0.0059552278500921655,0.006598298577984383,0.02549830859885495,0.028251723964892114,0.005879586816897744,0.006514489505632394,-0.005050851743326282,-0.0336186386746839,-0.005030064825301554,0.006057011331444759,0.006057011331444759,50.0,0.05,1.0,0.5,1.1111111,1.1111111,1.0,0.007027299999999999,0.007027299999999999,0.0954929651677115
204.88311504425647,800.0,399.5,400.4286946902655,8.054704051564466,0.00021649300886147476,0.34493181766039893,-0.00031390027563796323,-0.009794941832304328,0.015210796762711282,-0.023916168495629754,0.00010937004540777379,-0.00018851820407941468,0.00014666203456780965,6.121506762928577e-05,-0.05198674505628271,9.58874568120812e-05,0.360551405020494,0.34253358585651106,1658000.4286946903,-0.0008146697005767911,-0.009944734861725686,-6.184205932224266e-05,0.10913369548404214,2.585301647379138e-05,-0.0003143616483517728,-0.0001437049521139704,0.053724270240203056,0.019341676433931004,0.5905088495575221,-0.009794941832304328,0.015210796762711282,-0.023916168495629754,0.7024584628365012,0.44236849585704896,0.7568185211752646,1.901645479868795,0.005009071357139623,-0.007132942648182607,0.0035625921825830848,-0.0027548781943501043,0.009848614387199445,-0.0017055015894204108,-0.0023934628832580494,-0.0007063504807674737,-0.0023186585665960074,-0.0010536026902647742,0.0003915475288425489,-0.0011045062422760502,-0.0023928632852314173,-0.0010525314170317785,8.440933263854031e-05,0.00039441504093087215,-0.0023163653060222986,-0.0011009986483454196,0.0041473774453379,-8.633357148212343e-05,0.003800764570173079,-7.300596564377117e-05,-0.0001242368494984761,0.0002987352678921445,0.004188470007543005,0.005786215020269041,0.00433049397491268,0.03221455996614736,0.04374949774808905,0.033312150550414685,2.84267184875374e-05,-9.873939015485276e-08,2.5574437227433488e-05,0.017478090307604294,0.019365202443554122,0.0313211803637349,0.03470293309166082,0.01740634360590261,0.019285709239281832,-0.01567689409218292,-0.0469683579306845,-0.01654113509977058,0.008694690265486726,0.008694690265486726,80.0,0.05,1.0,0.5,1.1111111,1.1111111,1.0,0.0043921,0.0043921,0.0954929651677115
639.370932405558,200.0,99.5,99.23659653191959,54.15455942672202,0.0002361790620388274,0.05215888484763683,-2.2645614932974415e-05,-0.010365408326445528,0.007446359225019614,-0.012022521383186163,7.501551068386053e-09,4.2699884988385425e-06,-9.81425622104494e-08,-2.4085306554688695e-05,-0.04909550139523452,-2.3345931253568902e-05,0.05685304632495835,0.05118406829330595,1304999.236596532,-5.7240198984185677e-05,0.004436818309864904,-4.547743315434839e-05,0.0179270676226205,6.991236786990055e-05,9.747860056881132e-05,-0.0001388332372506981,0.049629441428707115,0.01078222459332501,0.5878584051248067,-0.010365408326445528,0.007446359225019614,-0.012022521383186163,0.48584631613341617,0.45470611410556,0.48675124572627776,1.4273036759651994,0.0005271584912070653,-0.0007570297037419636,0.00015671110047459818,-0.0003558151331902627,0.0007576676074501345,-1.421513583492437e-05,-0.0013701630614069227,-0.0015939157235118028,-0.0014600905782596787,-1.9901729679764497e-06,2.2035776312309676e-07,2.694495153888512e-07,-0.0013704127154441587,-1.9900952113365163e-06,-0.0012283329837904323,1.8856189487406815e-07,-0.0014603712552173033,2.6826959433617834e-07,0.002433701512137773,0.0021818996569699534,0.0026115224292478246,0.00015965282407783877,8.537982372919054e-05,-0.00013548640531259524,7.495484017665634e-05,0.0002673406244005459,8.127952509731289e-05,0.02318852997638761,0.07661963689976867,0.025145636085334263,1.2534576967716034e-06,5.159365913560418e-07,4.7068471196268404e-07,0.03456328115368647,0.04264349975999551,0.15802682846877344,0.19497040781276637,0.040522882184006265,0.049996338860429514,-0.012374678911670076,0.02905445410210473,-0.013607929670446509,0.0016848906560636182,0.0016848906560636182,5.0,0.1,1.0,0.5,1.1111111,1.1111111,1.0,0.07027280000000001,0.07027280000000001,0.190985930335423
1084.1856173917508,200.0,99.5,100.18933201494177,29.07138469479003,0.00036074592335558285,0.0888454156764272,0.0006357918657866126,0.0020341838918097443,0.02578106350814486,-0.008659564289850681,7.341870933544656e-07,7.465867663413186e-07,7.686706962905736e-08,-2.7773294209734673e-05,-0.04900842415130952,-2.8375580605071862e-05,0.0984541780158974,0.08866041337708853,2183400.189332015,9.216608115738023e-05,0.005615582493052342,0.00014419997719501134,0.028538844369596545,2.8403541559912128e-05,2.7631731817177784e-05,-3.0529826515475273e-06,0.04928096638328978,0.006797174867294956,0.591800153812349,0.0020341838918097443,0.02578106350814486,-0.008659564289850681,0.5435399336168533,0.4706696877094025,0.548109456379273,1.5623190777054408,0.0014857339532891429,-0.003381661894068133,0.0018717686620860938,-0.000889107968483607,0.004496979955808989,-0.0011280855218716481,-0.0008360027844061265,-0.0020573798265015202,-0.0007996207995377532,-2.3936883334259233e-05,-1.1373670212009862e-05,-2.400451098458582e-05,-0.0008359462884184011,-2.3938376805819443e-05,-0.0007938905310222362,-1.1392918012847933e-05,-0.0007998665197024295,-2.4003845349255132e-05,0.00139284573272899,0.0014543500903634408,0.0013499483581352258,-1.0324717264174922e-05,1.1050081437348082e-05,-5.3257945266722964e-05,0.0002095552004724055,0.0006304025252006773,0.00020393991505331037,0.021617851876176056,0.06178209502825801,0.02103728303882588,2.1304287308299248e-06,-2.2046622025322282e-06,2.588406604879092e-06,0.02574017822155974,0.03174098114843754,0.08506236681320209,0.10489294045359367,0.024800205325019285,0.03058187254661314,-0.010962933342931693,0.019104714028578097,-0.010646994456386621,0.0029943968358602507,0.0029943968358602507,10.0,0.1,1.0,0.5,1.1111111,1.1111111,1.0,0.035136400000000005,0.035136400000000005,0.190985930335423
1091.5098384497053,200.0,99.5,99.62516480786219,13.172492668048738,0.0004566822369462952,0.16185866860399295,0.0006302047527066923,-0.005705939649184853,0.05995629895576318,0.003323442281478501,3.8698498063478375e-07,-5.607003629391747e-07,8.644531415988306e-08,-3.365444888601366e-05,-0.049108635663045345,-3.350521055938934e-05,0.1796531244992078,0.16174507812396588,2167999.625164808,-3.2254714551636304e-06,0.0008542565107691909,0.00034885973532099574,0.0474742324019863,-1.4438602888248137e-05,7.086983953732196e-05,3.0981673549283805e-06,0.049239877059840245,0.004938734063671506,0.5525452738515901,-0.005705939649184853,0.05995629895576318,0.003323442281478501,0.6405587812404613,0.4308845442710598,0.6385427887003873,1.7099861142119461,0.0046802012280295,-0.009425018345832308,0.004738732468413037,-0.0031150352498115585,0.014645942521670143,-0.003128139975067044,-0.00047352674380903215,-0.0033483074518620153,-0.0005010883441506386,-0.00016346184248956251,-1.3378530707207965e-05,-0.0001722354168572727,-0.0004737187740632747,-0.00016345963437662195,-0.00040393541073867383,-1.3344913188622742e-05,-0.0005009769915172164,-0.00017223570415329632,0.0007089913943277175,0.0008340720540499787,0.0007397206885601726,2.6804371306903914e-05,1.7204649124958937e-05,2.2135574850226818e-05,0.0005357790839936848,0.0017546124694415447,0.0005442320340449834,0.01660030996525907,0.05434142196120424,0.016858441462103923,4.578015015277407e-06,-5.497878903973082e-06,4.603768310813672e-06,0.011744067626882473,0.014488584062731246,0.049008023918440224,0.060460897948607484,0.01189333859038076,0.014672738733113012,-0.0074643211901722125,-0.021390673331227204,-0.007521633301067584,0.005949094522968198,0.005949094522968198,25.0,0.1,1.0,0.5,1.1111111,1.1111111,1.0,0.014054599999999999,0.014054599999999999,0.190985930335423
964.0711814084074,200.0,99.5,99.4139745677775,7.130886460790829,0.0004903264491621254,0.2336273516832198,0.0004963987915796138,0.0006073736855045746,0.03474673679053742,-0.00482269048793038,-3.8714449537184435e-07,1.2203996125223964e-06,-1.4238311790328502e-06,-4.321703794601946e-05,-0.049006838865197355,-4.5660431702967434e-05,0.25853336850387854,0.23277066507522096,1988599.4139745678,-9.366983211045243e-05,-0.006113395448959912,6.814271906587545e-07,0.07753543626324207,-1.556382577941206e-05,0.00013473737886866743,3.4569988030421718e-06,0.04986480661618403,0.013368674617045394,0.5644387371586068,0.0006073736855045746,0.03474673679053742,-0.00482269048793038,0.5901894689995326,0.32115194725655294,0.591490147626289,1.5028315638824954,0.004551399309029233,-0.008939267992793787,0.004377102209579811,-0.00304193545094081,0.01303843193736825,-0.002873155626496232,-0.0017702971552732713,-0.0020874547093524503,-0.001769852150458412,-0.0007538343439871145,0.00012673256751262734,-0.0007526069037091387,-0.0017702709063817084,-0.0007538341088458422,-0.00038462697836715633,0.00012669016260849201,-0.0017700723565880964,-0.0007526137704062242,0.0027894909806006354,0.0008003362612422989,0.002833028695695934,-1.826562533602746e-05,-5.795869521083509e-05,1.4690950406227849e-05,0.0018552975442166827,0.003698649705269996,0.0018127628069255985,0.02775736947528291,0.054777129646769764,0.027121129496802662,1.7658136590389304e-05,-1.2819577026681645e-05,1.6350001726706845e-05,0.017615411224664347,0.021730489070703275,0.051001519598098025,0.06291581559356245,0.016995013558319404,0.02096516236126489,-0.013252396011824685,-0.0475847717530108,-0.012959234576361575,0.009907291405662742,0.009907291405662742,50.0,0.1,1.0,0.5,1.1111111,1.1111111,1.0,0.007027299999999999,0.007027299999999999,0.190985930335423
796.2280691338057,200.0,99.5,99.55829387338821,4.709206900627678,0.0010504178853304247,0.27599488011065465,0.0007312785136004701,0.0002560309918566864,0.018363508800747,-0.0004963906564781474,-1.8488924592943108e-06,-7.158818744556392e-06,2.869145440227463e-06,-4.977042971670995e-05,-0.048767851319124006,-4.7288682869273184e-05,0.3068705841160237,0.27630172708583794,1810699.5582938734,0.00020342282950313565,-0.009958468612102877,-0.00012145927797470256,0.11627627829708498,2.0169656440565337e-05,-3.152358404489363e-06,-4.4841692205987116e-05,0.052553769823965896,0.0315095283760756,0.5653019596415823,0.0002560309918566864,0.018363508800747,-0.0004963906564781474,0.5203916849280702,0.306655543755624,0.534607104796125,1.3616543334798639,0.004652687030785747,-0.009912134187614274,0.005230937311928966,-0.003247547518288234,0.011035743848124493,-0.00358720255457636,-0.004386002594546414,-0.0018496233334777679,-0.004453576915678589,-0.001564113897492456,0.0002645988523838707,-0.0015863882336717258,-0.004385989851774181,-0.001564113424118831,-0.000954074466585562,0.00026473031341489324,-0.004453600389339048,-0.001586386809454681,0.007237241678655762,0.0019237179935836263,0.007357626336142961,-7.070104470941588e-05,-1.2145989490271252e-05,1.8218143310301408e-05,0.0045804586099150715,0.0071212149911502294,0.004580794755778724,0.04864010677298459,0.07456809013024786,0.04864395912583255,6.190780121691557e-05,-2.8902707981708993e-05,6.266976159934333e-05,0.029647460162618246,0.03657049299514444,0.06141539767501351,0.07575661989757186,0.029610191900373273,0.03652452215258627,-0.023727997307374186,-0.0663874482535602,-0.023856376542746624,0.014292999198659576,0.014292999198659576,80.0,0.1,1.0,0.5,1.1111111,1.1111111,1.0,0.0043921,0.0043921,0.190985930335423
759.1913834887083,400.0,199.5,198.35363485701072,37.49633895904946,0.00014886529113988754,0.03563107719974692,9.744689408665205e-05,0.00487498840474449,0.017778596053408913,0.0011927231142111006,4.2364366056797e-07,1.681253121744502e-06,-4.578667321094802e-07,-1.6637283699354597e-05,-0.04320410360585635,-1.6564345301769e-05,0.043396423398273626,0.03473670607950824,3418598.353634857,0.00010044231191880449,0.003588368241818216,7.526897638980043e-05,0.017885013841787874,9.513801042623043e-05,0.00027887764640709644,-4.781098894888345e-05,0.044935733164170315,0.023631143809278117,0.5681843058660294,0.00487498840474449,0.017778596053408913,0.0011927231142111006,0.36623155683836245,0.35875416906726415,0.36855788315410143,1.0935436090598478,0.0002498505264853455,-0.0004731073753534608,0.0001937754973238471,-4.3945928003122054e-05,0.0009513614379011401,-5.6133599304924925e-06,-0.003122351306213369,-0.0038048534044640364,-0.0031224839388584286,5.596231587590558e-06,1.0632575591050494e-05,4.348685098423517e-06,-0.0031222701996483143,5.59416632965793e-06,-0.003036745098605935,1.0602685270936246e-05,-0.003122464182181032,4.34923120665861e-06,0.005467145078424517,0.005544546782329613,0.005491560140650971,-1.947044422679866e-05,4.860193689596007e-05,2.1880189649171178e-05,8.268104221124008e-05,0.00026003422767633365,8.435274875136838e-05,0.04389803408285326,0.13124008933464693,0.04478805408406469,1.9833582731377594e-06,1.1880703497789324e-06,2.27254024038766e-06,0.07042510205811232,0.10991528562246641,0.30909189211017635,0.4824121316408264,0.07287299788833393,0.11373581497191226,-0.02363336763285495,-0.006624480123696715,-0.025362449759887745,0.0020020427040776997,0.0020020427040776997,5.0,0.2,1.0,0.5,1.1111111,1.1111111,1.0,0.07027280000000001,0.07027280000000001,0.381971860670846
794.1357675268654,400.0,199.5,198.08720337743986,21.028823049457795,0.00010649738056100734,0.06374185188130868,0.00032946068455170255,0.0033562272162587256,0.022653977041893127,0.0009361414734752295,-1.5294884117636508e-07,1.6044885700149759e-06,1.5551639112510382e-07,-1.791437271597248e-05,-0.0431856365241432,-1.6593503307950945e-05,0.07860373485850092,0.06293308144917623,3597398.0872033774,3.87131735465871e-05,0.005450462796228459,2.9810116212766438e-05,0.03039817219685537,7.112196378064823e-06,0.0002999518196307135,-2.0073146127246763e-05,0.04464107683646951,0.021434144476473425,0.5678284231303458,0.0033562272162587256,0.022653977041893127,0.0009361414734752295,0.37832253927897497,0.3421473765510412,0.390016945731621,1.1104868615616637,0.0006967641777066482,-0.0013671250283875211,0.0006666427309212979,-0.00023833212648626423,0.0023890647377055665,-0.0003013783416898054,-0.002812011016521689,-0.0036143002912581417,-0.0029001467090068924,-4.295930972397095e-06,1.9907223945422066e-05,-6.79278501045758e-06,-0.00281195089181617,-4.295417641333525e-06,-0.0026359738729009167,1.987087589819369e-05,-0.002900131175140654,-6.792930595800839e-06,0.004903221038276752,0.0048851161289091725,0.00503724759817219,-7.48444596675774e-07,0.0001329715209815844,4.36519003757616e-06,0.00026592842395397763,0.0006815108105665172,0.0002547125005915681,0.043040365228435594,0.10549458500498048,0.04122516287556624,5.222902306543364e-06,-1.9644356661475876e-06,5.534832878225643e-06,0.06594916961152122,0.10288159809595936,0.20243632041238668,0.31580340252005673,0.05861683170500907,0.0914430516207541,-0.023019564753630744,-0.002726512825510605,-0.022366496840135617,0.003770560713502449,0.003770560713502449,10.0,0.2,1.0,0.5,1.1111111,1.1111111,1.0,0.035136400000000005,0.035136400000000005,0.381971860670846
737.0539130640423,400.0,199.5,198.98303309403596,9.173183185205032,-8.898433531652023e-06,0.11929303703892058,8.734580318494337e-05,0.001152059881646126,0.044835202917395026,-0.002764846892032273,3.895207524232848e-07,-9.219827731982905e-07,-1.2587376417342365e-06,-2.4101867581538036e-05,-0.04319297799899042,-2.7006406952964293e-05,0.14815365666798117,0.1186160582083811,3456398.983033094,-3.588271817345377e-05,0.0037536407520596437,-0.00011030112905804329,0.053772294160561646,9.189872792410374e-06,0.0006471483524839855,-6.705647682524469e-06,0.04463581757330029,0.020535532042634003,0.5564799621331651,0.001152059881646126,0.044835202917395026,-0.002764846892032273,0.40908598962757153,0.31387399078714184,0.40976122357705413,1.132721203991639,0.0026841043437205612,-0.0053237939131470895,0.002624827057103029,-0.0014964629433335695,0.008162222663080927,-0.0015203299472520918,-0.0027329824952746808,-0.00419446689910732,-0.002783895698277773,-0.0002367888698155232,-5.886706982357253e-06,-0.00024378344354510176,-0.0027329547284797263,-0.000236789318566765,-0.002257900965915474,-5.845369697635178e-06,-0.0027839703668580853,-0.000243786923761993,0.004448574278137932,0.004353442076177263,0.004515698144623384,-3.0201519228394683e-06,-5.121492300605285e-05,1.9589678315678815e-05,0.0008921538849726156,0.0018572460987683977,0.0008865095438380423,0.040645680039959574,0.08397256325139951,0.04038803324338014,1.884253563193646e-05,-1.63716777824792e-05,1.961801196300828e-05,0.04345445769682833,0.06779101074565545,0.10245984144650352,0.1598422021730269,0.04260771893268952,0.06647005819669269,-0.0206626985042168,-0.021767970271197555,-0.020274042253492837,0.007924621331650363,0.007924621331650363,25.0,0.2,1.0,0.5,1.1111111,1.1111111,1.0,0.014054599999999999,0.014054599999999999,0.381971860670846
644.3956594681598,400.0,199.5,198.9620825896841,4.600640833877933,0.0006721757051009039,0.1687779304895835,0.0004492114694529371,-5.5100379531794804e-05,0.03405323520558359,0.0005121738816215297,-2.3166123583018687e-07,-1.3456696543934626e-06,-2.308230958646591e-06,-2.7906094846672464e-05,-0.04314766684329446,-3.278760444396441e-05,0.2102222238581037,0.16826994364034512,3185998.9620825895,-5.3920758166967215e-05,-0.0029084801060936965,0.00016094502123568632,0.08062641712835072,-2.2925334651096854e-05,0.0008217932424571139,-4.7023196843949717e-05,0.04629892563824239,0.029362765633392348,0.5531059253971087,-5.5100379531794804e-05,0.03405323520558359,0.0005121738816215297,0.42050020493133383,0.2703293176280034,0.41348447980698716,1.1043140023662819,0.003711466432180142,-0.0074090811020015085,0.0037045504414466627,-0.0022652291168616993,0.009678786934112917,-0.0022029177745957022,-0.004246388460748503,-0.003895988457333814,-0.004205855044919968,-0.001014329451146073,-0.00010127329105604391,-0.0010072142457878204,-0.0042463899983848485,-0.001014329463910661,-0.0024266708097468266,-0.00010122746665079506,-0.004205838251964926,-0.0010072130635722276,0.00686315044072146,0.004735504725339853,0.006815533086399565,7.96760957075305e-06,3.4638763702914073e-06,-1.6161694676821536e-05,0.002113983415474368,0.0036837228180070744,0.002164162965025065,0.04783477402310121,0.08316320858739994,0.048969707577526014,4.989721600898193e-05,-2.8895154431262104e-05,4.830665693065847e-05,0.037133885222292815,0.0579581539537307,0.08485347766883373,0.13243836169579914,0.04012906604232527,0.06263299877666713,-0.02366385525706313,-0.05207873450701575,-0.024240772789788652,0.013594502944850973,0.013594502944850973,50.0,0.2,1.0,0.5,1.1111111,1.1111111,1.0,0.007027299999999999,0.007027299999999999,0.381971860670846
624.8933450625087,400.0,199.5,199.46974472652605,3.1876841332175254,0.0005293849289469904,0.19940096847962505,0.0009296524082038671,-0.0016637091809057953,0.02073245784564606,-0.0006267968998738496,2.336230672255242e-07,-1.4764659673544715e-06,-1.5651087269317872e-06,-2.977991391844055e-05,-0.04295230707982121,-3.2156530829499004e-05,0.24815619853154938,0.19866227256715585,3106799.4697447265,-0.00010720841197147428,-0.006112358384713997,2.8750152885603074e-05,0.1064878048432261,3.0402218060547678e-05,0.00080848421015884,-2.5787651650065142e-05,0.04962885695211654,0.04429162928840404,0.5580987492999814,-0.0016637091809057953,0.02073245784564606,-0.0006267968998738496,0.4028560257775533,0.25219154232066376,0.404661145983506,1.0597087140817747,0.00411228050286244,-0.00783241342773129,0.003741681489890762,-0.0027028428683408857,0.00840416556926067,-0.002373727598787517,-0.006456735714117199,-0.004122588862238799,-0.006542050825588742,-0.001968673100140526,-0.00023113639008945857,-0.0019994316946032845,-0.006456785259234082,-0.0019686727114599143,-0.0032320819663330526,-0.000231105779321019,-0.0065420709812027715,-0.0019994326756084656,0.010690362541875265,0.006220563628634458,0.010834984472880673,-3.83512145152009e-05,-5.098081552911066e-06,3.894818243820517e-05,0.003909232246056278,0.005858997465054398,0.003933867177280463,0.06348044176401313,0.0945354797686012,0.06388065284610026,9.875639844947693e-05,-3.98062083312665e-05,9.385217916756503e-05,0.044149078768614285,0.068887607632703,0.08387389480173356,0.13087185773479115,0.043509054391576374,0.06788895150236374,-0.031616027536027186,-0.0676338886175587,-0.03168560396535219,0.018655030800821357,0.018655030800821357,80.0,0.2,1.0,0.5,1.1111111,1.1111111,1.0,0.0043921,0.0043921,0.381971860670846
252.24618684210316,160.0,79.5,76.32224506578947,101.39770214700049,0.00033295596400189747,0.06933510825287778,-0.0005246293391969384,0.0034684263737672647,0.08712792598926006,0.05653355539804263,3.2705546999259575e-06,-3.5985510411207754e-06,4.021508035945526e-06,-2.3064317399735954e-05,-0.05456340928618465,-2.131799248195928e-05,0.0691123238514197,0.06842211826352614,293916.32224506576,0.00012842981401154293,0.004590887565789509,-0.00011718734438403972,0.016024307760138922,3.526016819728364e-08,-9.045760690789353e-06,6.700215346368223e-06,0.05456972947797504,0.00037333554015659103,0.5781743421052632,0.0034684263737672647,0.08712792598926006,0.05653355539804263,1.8200397130717898,1.7193908980872585,1.9679446965691412,5.507375307728134,0.0020437539452679634,-0.00310055285623146,0.0011748522901399226,-0.0009633450896823479,0.006301602703818998,-0.0015816931086502471,-5.4916217668663205e-05,-0.004803694727213081,1.4353923721367667e-05,2.0750731779869016e-06,-2.625746304663731e-06,1.8012588920451762e-07,-5.4836220781900874e-05,2.063729499808751e-06,-4.969804120470858e-05,-2.312212015884392e-06,1.5559105630321447e-05,-4.7224258129307655e-08,0.00012511459705944895,0.00010078917905510337,-8.058742804393454e-06,9.336522189859699e-05,-1.2064108733955488e-05,3.6722995597364514e-07,3.696219578419395e-05,0.00027728520306869456,3.585834660896412e-05,0.007734868340873723,0.05363932598892737,0.007504347088079292,-9.439693064613028e-08,-1.3211118419186628e-08,-3.655572982902286e-07,0.012064823033212208,0.0123094576248507,0.15041235095077246,0.153462214504591,0.010993630255770444,0.011216544611069683,-0.003650025589191464,0.04088044933501075,-0.0036089877236923393,0.0009950657894736842,0.0009950657894736842,5.0,0.01,0.1,0.5,1.1111111,1.1111111,1.0,0.07027280000000001,0.7027284,0.0190985930335423
261.17598539325735,160.0,79.5,79.6996488764045,74.35025172405379,-0.00022397323529762755,0.11252175868188273,2.852141216850057e-05,0.10370707356854308,0.0651873198052248,-0.12652183522755375,1.9389957695344505e-06,-5.995060061209522e-07,-5.194438335431769e-06,-2.4431758581724926e-05,-0.05457385486446586,-3.432238566768094e-05,0.11237188096299909,0.11124940666779377,304319.6996488764,8.591283017244788e-05,0.003940386403792142,3.1362587014943465e-05,0.023651080337403995,2.4529707036961647e-06,-1.7757985252808886e-05,-1.3830390988041562e-06,0.05457407534688738,0.00020700401331692008,0.5637780898876404,0.10370707356854308,0.0651873198052248,-0.12652183522755375,2.1783933867630796,1.9007622814458731,2.2520488822926983,6.331204550501559,0.005120550309005443,-0.008572294437688952,0.004825121910651538,-0.003415461662604225,0.010509770710192804,-0.003486964957844189,8.107666443329386e-06,-0.0035776806450350794,1.2441230825569182e-05,-9.164794706318628e-06,-2.209307533776502e-05,-1.1655926104904042e-05,1.064141262797333e-05,-9.365882283238885e-06,-2.0157314981231226e-05,-2.205399514801854e-05,8.098699601506309e-06,-1.2313135976079353e-05,-7.28447722107197e-06,4.702443947734079e-05,4.137123829350051e-06,-9.351830830232978e-06,7.79230040457514e-06,1.842306614283453e-06,7.282006819433332e-05,0.000592185935378547,6.540492644985734e-05,0.005766227303959557,0.04566715876012825,0.005179509445201735,-2.371524288463313e-07,9.114755936168315e-07,-3.477584232787988e-07,0.004691596278809729,0.004786747589358753,0.10785812488673775,0.11004561957435552,0.004921805840600398,0.005021626082618377,-0.0025829040450266903,0.011366767123886243,-0.0022218785832046166,0.0015800561797752809,0.0015800561797752809,10.0,0.01,0.1,0.5,1.1111111,1.1111111,1.0,0.035136400000000005,0.3513642,0.0190985930335423
270.3493135345678,160.0,79.5,79.66843962999026,57.003015321251205,0.0005433415506223343,0.18635328319133462,0.0005219253019698242,-0.031116000063521217,0.04739590600113414,-0.033573259292866114,1.5678711940888656e-06,-1.0068690677205142e-05,-5.816284809045466e-06,-3.0492297552258764e-05,-0.05465470121835451,-3.990073878316489e-05,0.188241693257632,0.18636046951360474,315919.66843963,-0.00011610633692179598,0.00041460478334958176,6.897752846202784e-06,0.02971028274893317,-2.1555553321889188e-06,-4.284605830087686e-05,-3.8241423756258155e-06,0.05465599199007778,0.0004450859647440351,0.5732229795520934,-0.031116000063521217,0.04739590600113414,-0.033573259292866114,2.3028153169722203,1.7597561835587712,2.2010422880538183,6.263613788584801,0.005348409114526632,-0.011591606791202243,0.00547102260081276,-0.003879770112518222,0.014714578356522791,-0.0037243545413273827,6.975187509404944e-07,-0.0026136033372206086,1.0144643288198878e-05,-6.150576859091217e-06,-2.0530721331237994e-05,4.84705029317601e-06,-2.5127958163241293e-07,-6.101790978916419e-06,-2.319425575542699e-05,-2.005350661434667e-05,8.805045439054718e-06,4.651778655160682e-06,-6.858178098692038e-06,3.8046923925633396e-05,-7.496761213091014e-06,9.656246551779498e-06,1.65580442876244e-05,-2.9275414398296777e-06,0.00010863524061681928,0.0009865018948492924,0.00012554590860628441,0.0030653861701124764,0.027834959919508857,0.003542996783857919,2.5005796851488318e-08,2.3360881706726348e-07,4.197974869195328e-08,0.0013691236755845333,0.0013969045442206829,0.030099379136277665,0.03071012520160802,0.001479871518095872,0.0015098995695974815,-0.0012845699065639777,-0.010634685223776367,-0.0014734052793330989,0.0018865628042843232,0.0018865628042843232,25.0,0.01,0.1,0.5,1.1111111,1.1111111,1.0,0.014054599999999999,0.14054570000000002,0.0190985930335423
280.8287644067804,160.0,79.5,80.79145656779662,43.9926541502811,0.00042297033455713406,0.258426862380296,0.0007410037827355189,0.0033912201215937038,0.01892098829136458,0.007510678813093472,-8.983184337771995e-07,-4.3260027965577156e-05,-2.88884941260952e-06,-3.6582793962017737e-05,-0.054775179518539066,-4.019210089183884e-05,0.2596447530964989,0.25704981630899765,328160.7914565678,1.0628415348272723e-05,0.002646826821504235,-0.00014534729997477363,0.04065666209322163,-4.437191357111614e-06,-2.1320908368644002e-05,-3.982308276289985e-06,0.054781207354815106,0.0008546214281413384,0.5585911016949152,0.0033912201215937038,0.01892098829136458,0.007510678813093472,2.306855253307308,1.6314283289397875,2.4036347302343843,6.341918312481477,0.004178003482893199,-0.00823304853994043,0.0035851702421403845,-0.003090778768596466,0.009380268594452467,-0.0028591201907767283,-8.635144236608791e-06,-0.0010690261442220822,-2.2911279608970134e-05,-9.169862384898396e-06,8.333507050432794e-07,-1.450771481791244e-05,-8.51108392962045e-06,-9.166815989350528e-06,-3.262561389447936e-05,1.6518731876641427e-06,-2.2609409648348137e-05,-1.4486017597835085e-05,2.0862512317823142e-05,9.638803374368845e-05,4.0277265698328154e-05,2.3660673634402603e-05,1.115788884901214e-05,7.605419491682059e-06,0.00015406171296027457,0.002095173249420643,0.000177373678859177,0.00228525833859151,0.03097463821324122,0.002630742512545404,1.6852317875400993e-07,1.955404553806036e-06,4.649848416579035e-07,0.0010926594831896011,0.001114831792263477,0.044857441414004946,0.04576769119501715,0.0012795969289533002,0.0013055625834277086,-0.0010599452594262447,-0.007341252164075793,-0.00119185647506646,0.002621822033898305,0.002621822033898305,50.0,0.01,0.1,0.5,1.1111111,1.1111111,1.0,0.007027299999999999,0.07027280000000001,0.0190985930335423
277.5243847517673,160.0,79.5,79.7616134751773,38.64600457027963,0.0005916436756954497,0.3114592776374092,0.0009425065684598361,0.07065249699067613,0.002727779305339082,-0.05152920550727898,7.1406087170256355e-06,-2.9582440599868272e-05,8.950694696580273e-06,-3.115690723154501e-05,-0.05485908225343599,-3.123943770126873e-05,0.3118783474217489,0.3087613873525246,323359.76161347516,-0.00012720395906010848,0.0020719029587765825,0.00015555713006728194,0.053030912055450824,-3.7568663311052336e-06,1.6746271054965144e-06,1.1985439603876323e-05,0.05488526570634662,0.0022078024611135953,0.5729388297872341,0.07065249699067613,0.002727779305339082,-0.05152920550727898,1.928941849387936,1.892540774722283,2.0907613758265824,5.912243999936932,0.003390469198494934,-0.009650515786035692,0.005831427190215593,-0.0025579243815766466,0.007611592990294666,-0.003877645213661676,-7.519920962573602e-05,-0.00017833285785840995,-4.615500982537722e-05,-6.586834328007192e-05,2.0820502094856598e-05,-4.026892439291081e-05,-7.299789633131926e-05,-6.637284511596189e-05,-2.868938857764071e-05,2.0901196464126165e-05,-4.776475323061802e-05,-3.9807702206457315e-05,7.292159667388166e-05,5.4421800191032826e-05,3.8244015065627885e-05,-1.8395106775788802e-05,4.398238691713274e-05,4.8287423414451635e-06,0.0005035584006411932,0.002896793719542286,0.000606161046109264,0.0051768483316183035,0.02973740446137055,0.006231609599773702,5.024681792030903e-07,2.9009943977091456e-07,1.1577213262876696e-06,0.002330652918309649,0.002377946526696116,0.03295061880168768,0.033619252749478114,0.0025848940731885133,0.002637346743020896,-0.0021912015345578856,-0.007337532832670597,-0.002773334023962796,0.003296764184397163,0.003296764184397163,80.0,0.01,0.1,0.5,1.1111111,1.1111111,1.0,0.0043921,0.0439205,0.0190985930335423
208.94971875000445,800.0,399.5,393.2295625,67.24122336157137,6.319170268542986e-06,0.04897369428547392,7.602351650373375e-06,-0.010408649223003892,-0.007037214157099412,-0.01192991848073457,5.334768003168563e-06,2.3726420492422e-06,-2.869049455500992e-07,-1.613041141967971e-05,-0.05223702772187525,-2.3868304354796244e-05,0.05014349098012186,0.047639845904748096,1496793.2295625,-0.00034044558726986564,0.0049521361862849,-0.00023926005211013826,0.01749967989932102,5.4831687580675295e-05,-2.54678648437499e-05,-2.7097302028157916e-06,0.05225540967946223,0.001120131520446624,0.588265625,-0.010408649223003892,-0.007037214157099412,-0.01192991848073457,0.7652055182019862,0.645756817558681,0.7129333243614955,2.1238956601221575,0.00037728461607651676,-0.0012444492896619102,0.0006328908690634837,-0.0002506479734429685,2.18742292457068e-05,-0.0003595448170082564,-6.347833894708862e-05,0.0002367833163447555,-0.00013905382600140674,-1.4341724035099366e-06,4.1992344333827845e-07,-4.900805534589905e-06,-6.364623474137768e-05,-1.378644674678819e-06,-0.00013081983466442087,4.3662023355697784e-07,-0.00013933857292663463,-4.904228287201956e-06,0.00010020003613312305,0.00021174628049178061,0.0002279646685066116,6.756284368025812e-05,-1.4767719314523131e-05,3.6127821755502507e-07,7.374706305020066e-05,0.0002732055178200325,6.781238383038064e-05,0.02928414234931517,0.09890425669413797,0.026947166437103216,-5.334604651715642e-07,-8.636904252336947e-07,-3.011734444556247e-07,0.06705749256805524,0.07429092167802849,0.32775491453000055,0.3631095311269719,0.0579575224327396,0.0642093462610971,-0.01689851726763067,0.04137001123205003,-0.01298714812077094,0.0013203125,0.0013203125,5.0,0.05,0.1,0.5,1.1111111,1.1111111,1.0,0.07027280000000001,0.7027284,0.0954929651677115
214.64804580152602,800.0,399.5,402.1889169847328,44.3214132797958,-0.00026248353069252377,0.08192893470910068,8.512244082136115e-05,0.025714035406017154,0.04285614920320598,-0.004491854299009394,9.706465215894651e-06,1.4265767831987341e-05,2.7757817045630002e-06,-1.3133128028870604e-05,-0.05225905938263339,-2.2943284434998077e-05,0.08600012241334527,0.08170387692691451,1537602.1889169847,-0.0003254864204179108,0.004830034123967676,8.711257733952363e-06,0.024825283348842087,4.004557679397545e-05,-2.5980252862595322e-05,8.422853003691668e-06,0.052270003134955625,0.001016785987316945,0.5925095419847328,0.025714035406017154,0.04285614920320598,-0.004491854299009394,0.7645461737270863,0.7285192040901541,0.8208900115562756,2.313955389373519,0.0022309612942787347,-0.004744192718363687,0.0021702629026236287,-0.0014552223763187322,0.006778907719418573,-0.0016458162398070907,-8.504034940249866e-05,-0.002341401098105886,-4.1631192707169404e-05,-8.496772056158823e-06,-2.4317933056245048e-05,-2.0199934864949794e-05,-8.470264368337017e-05,-8.74636444638738e-06,-0.00010177905198453936,-2.4929308930951148e-05,-4.173425059799178e-05,-2.01874664579671e-05,0.00012014064470341369,0.0001763239545061165,9.593889667113113e-05,-8.572039057234765e-06,1.4065821840900186e-06,-1.7552203863822776e-06,0.00014991227986431308,0.0005016229764904984,0.00013579862679205396,0.02025499080372996,0.06466906236354837,0.01836102816569578,-8.640287138512948e-07,-2.1282434905732904e-07,-5.338329026262424e-07,0.03712727419953571,0.041134467056974294,0.12848848312252642,0.1423564048305583,0.031483936969641434,0.03488203742460042,-0.010035520762376772,0.020180935078006407,-0.009513489178461282,0.002342557251908397,0.002342557251908397,10.0,0.05,0.1,0.5,1.1111111,1.1111111,1.0,0.035136400000000005,0.3513642,0.0954929651677115
221.91061479592003,800.0,399.5,397.5894036989796,20.15221406279141,0.00024523692533341283,0.14623179947544754,0.0008025594715114707,0.00378459389715874,0.027787442391876624,-0.0199536625904963,-7.748162784885756e-06,5.629276632450446e-06,-9.62056613800138e-06,-3.577487391369865e-05,-0.05230594147002526,-3.9921939429233676e-05,0.1541264581610155,0.1464258349739536,1589597.589403699,0.0004830651030892993,0.0029901539630102078,0.0006753170078265699,0.04203039588861443,7.072721442726409e-06,1.281974139030608e-05,-3.062422616901654e-05,0.052323783744875306,0.0019451725334629893,0.5709757653061225,0.00378459389715874,0.027787442391876624,-0.0199536625904963,0.8875516288251927,0.7352431225379321,0.9208367328262763,2.5436314841892673,0.005930540152186796,-0.012161510708604167,0.006693358857085462,-0.003950570126690872,0.010667865351121252,-0.004719975752833812,-0.00013278280721958836,-0.0015723003824376122,-0.00012738714511174588,-0.00010209687837975327,-6.332425337227233e-06,-8.464358966016608e-05,-0.00013264741385009705,-0.0001020675547301621,-0.00011885204708641721,-6.488848537358736e-06,-0.0001281837340210764,-8.483555519081077e-05,0.0002271185550355818,0.0002763479430542993,0.00024015196183754337,5.688526540240262e-05,1.843501845422769e-05,-3.154212112622892e-05,0.0003837815080336167,0.001399585398554477,0.00040239225271624686,0.01614602060838211,0.058541209034574854,0.01692009219442595,3.561313184218192e-07,-3.0694137472169143e-06,4.0164991159442554e-07,0.011960354495492839,0.013251438652924913,0.07657064777224888,0.0848362180193763,0.011833614055140065,0.013111016964687345,-0.007238585302246311,-0.009753627186626706,-0.0074017704601951635,0.004285714285714286,0.004285714285714286,25.0,0.05,0.1,0.5,1.1111111,1.1111111,1.0,0.014054599999999999,0.14054570000000002,0.0954929651677115
227.60893927126,800.0,399.5,404.4470774291498,13.71124934578133,0.00023940225399745474,0.2066729062828971,0.00032361628447712213,-0.007429098096464678,0.00870599219561412,-0.014865757360741052,-9.966404797237587e-06,9.948060074607695e-07,1.456305537208446e-05,-4.101477654994464e-05,-0.05239738668699328,-1.69928741981668e-05,0.2166170622062885,0.2057934405442846,1630404.4470774292,-0.0005655926398328519,0.00048572566093117367,-0.00036406676781722546,0.057771215853428246,-8.767126060365701e-06,-5.941521508097135e-05,2.1468792433292154e-05,0.052449351612286366,0.0035693402011855667,0.5745242914979757,-0.007429098096464678,0.00870599219561412,-0.014865757360741052,0.8925015087010233,0.6705492728248863,0.9330630017345108,2.4961137832604554,0.006744110230452176,-0.012889666694095265,0.0061059073841182535,-0.0047855258844413315,0.008132884009307319,-0.004018455856901559,-0.0003002199448325604,-0.0006015038172318483,-0.00031789150275641365,-0.0002572291265264646,-2.2010689453993118e-05,-0.00026851464787216377,-0.0003005246476309579,-0.0002573031679253749,-0.0001453325776643129,-2.201935022733065e-05,-0.00031814411470110915,-0.00026829815702456077,0.0005103264842240439,0.0002883774174265197,0.0005468770515576907,-6.836873299826291e-05,-2.063598875000704e-05,5.584655805560666e-05,0.0008527966824160479,0.0025085962372226297,0.0008732417127240336,0.01816758659935704,0.05345700174945293,0.01860729424797144,1.318576732893112e-06,-3.137624778212108e-06,9.355204893425415e-07,0.011195199380399631,0.012403781285406968,0.0432733397257126,0.047944929179785795,0.011401195545829843,0.012632015843346967,-0.008322844122019373,-0.02283437855565997,-0.008312945411019595,0.006232287449392713,0.006232287449392713,50.0,0.05,0.1,0.5,1.1111111,1.1111111,1.0,0.007027299999999999,0.07027280000000001,0.0954929651677115
225.65363180827705,800.0,399.5,400.13313180827885,11.31230525279943,0.0011901755574188653,0.25282674774264047,0.0006572873782180637,0.003922616349653364,0.020206074307592328,0.00045368061496447494,-1.3804266029110194e-06,-3.6734201295523454e-06,-1.5481425790708056e-06,-3.531534321673396e-05,-0.05251931774199255,-3.627088879081154e-05,0.262067089900076,0.24897007974537058,1616400.1331318084,0.0005301292377015458,-0.00033369472739649974,-0.00038096536246479075,0.0756049781440714,-2.710734995683709e-06,-0.00013746034466231228,9.110821726960874e-07,0.05267181876756863,0.006235251506798163,0.5714488017429193,0.003922616349653364,0.020206074307592328,0.00045368061496447494,0.8433771572648123,0.6610222287054203,0.8406783030603819,2.3450776890306004,0.007421745619341918,-0.014279572643065525,0.00736952022962075,-0.004898591771141477,0.013036586326444617,-0.004987201066157353,-0.0004909090829286046,-0.0011719866661350552,-0.0004963423057070666,-0.0004129908067388833,9.409459994634581e-05,-0.00041323995051439504,-0.0004907705543858697,-0.0004129853918549179,-0.0001107774292562776,9.416882534644795e-05,-0.0004963258503079291,-0.00041323924815210854,0.0008203596330884918,0.00032694785049622034,0.0008390415239015333,-2.1718135597808458e-05,-7.333345497893613e-05,-6.288201762596084e-06,0.0016383369791287338,0.0039854730685043764,0.0015508889998800857,0.023850844295150796,0.05802869078640592,0.02257954049140044,2.881042680830399e-06,-5.220051522683351e-06,2.7533644650371927e-06,0.013530935748810173,0.014991962501273323,0.042055967327003625,0.0465970348855349,0.013279090231788556,0.014712923518502232,-0.011186256270638597,-0.028483686471383125,-0.010171231348596283,0.007739651416122004,0.007739651416122004,80.0,0.05,0.1,0.5,1.1111111,1.1111111,1.0,0.0043921,0.0439205,0.0954929651677115
706.1462997428821,200.0,99.5,99.0986679193038,67.28419469847977,-0.00046190118142035104,0.03695824906439332,0.00017892255356827648,0.004451429389191025,0.004009712422898994,-0.007919910500863778,-1.1754594943077402e-06,2.6110292342840246e-06,-7.697181007062245e-07,-1.911805407588265e-05,-0.049221550421381294,-2.1851699536477296e-05,0.04040457634248017,0.03637662452181688,1367999.0986679194,-0.0001314873372395254,0.0042196751599830355,-5.947124821203755e-05,0.016379717103373357,-4.2515622792711434e-05,-4.328497923257952e-06,-1.2904882661771888e-05,0.04936424532666596,0.004634070096992824,0.5800543908227848,0.004451429389191025,0.004009712422898994,-0.007919910500863778,0.5080595269338455,0.467720121799188,0.49690593903829827,1.472685587771431,0.0002122195596633786,-0.0004944980672875942,0.0002753348437752746,-0.0002323894361023749,0.0006936137435232239,-0.00021951446860478323,-0.0006258744505407342,-0.000728131912891809,-0.0005305342640834821,2.2379498984606827e-06,6.2358066947265895e-06,2.7189318700387133e-06,-0.0006257893478729706,2.2431823733993433e-06,-0.0005307676506928947,6.225337218369351e-06,-0.0005307073275881248,2.7128357715702314e-06,0.0010937357785958,0.0009637377341376186,0.0009119138395580731,7.02621303779153e-05,2.0071458955377092e-05,-3.5644813019206245e-05,6.272386913553965e-05,0.0002459153250492944,5.6031706263336984e-05,0.038410680542463764,0.1397277207915692,0.03431984506418593,1.1554060519518909e-07,-1.3515325794072617e-07,-1.1478889973994961e-08,0.06656587003752809,0.08212359127320006,0.3289794576577067,0.40586827007185144,0.05251418764863412,0.06478776105636518,-0.02150607184434237,0.01648074336847552,-0.01958580226844678,0.0014304786392405062,0.0014304786392405062,5.0,0.1,0.1,0.5,1.1111111,1.1111111,1.0,0.07027280000000001,0.7027284,0.190985930335423
945.0701999348323,200.0,99.5,99.29534387222947,35.517174795446714,0.00022251896406171119,0.06599081890902184,-2.369253859623193e-05,0.007404707999367152,0.020213312255398033,0.0003650780871076294,-4.490256769597707e-07,3.5085333837289035e-07,-7.487910354773597e-08,-2.2233687050454237e-05,-0.0491761655828231,-2.1662249789837466e-05,0.07279107728391163,0.06554321897433249,1899599.2953438722,0.00018581684510721627,0.006571201199126291,2.9134015854729665e-05,0.028271350193707363,5.824696810400372e-06,1.2809908963490324e-05,-1.1713932388905292e-05,0.04927544227919167,0.003965713055686487,0.5876147327249022,0.007404707999367152,0.020213312255398033,0.0003650780871076294,0.5129728017160775,0.46261914656576436,0.5330416321763304,1.508633580458078,0.0009433991499698404,-0.0019831266782318795,0.0010574646603283553,-0.0004830764644694839,0.0027646892715145308,-0.0006758022028409088,-0.00043974315292453467,-0.0014088162663080431,-0.0004420072734967112,-1.671691713788753e-06,8.10846303791429e-06,-7.494650601660247e-06,-0.0004395785189642038,-1.6683668097666232e-06,-0.00041480307585937764,8.10137112982923e-06,-0.00044199936508398615,-7.494623264939699e-06,0.000763078185503059,0.0007667594566041602,0.0007640183994307645,-3.0813592712898637e-05,-1.526952127999096e-05,-2.5430211964433244e-05,0.0001932698883956775,0.0006624613036881671,0.00019586462030435822,0.03646954189255881,0.11687757562221807,0.03696560506378591,1.1832121648222527e-07,-1.032039758623275e-06,9.305928135928103e-08,0.05414253563478523,0.06677891388295826,0.21955902976716002,0.2708021220126733,0.060034989594404675,0.07404661331585767,-0.01906144972638442,0.016549103696884938,-0.019780281618226668,0.0026636245110821383,0.0026636245110821383,10.0,0.1,0.1,0.5,1.1111111,1.1111111,1.0,0.035136400000000005,0.3513642,0.190985930335423
952.4028943257764,200.0,99.5,100.10206862048932,15.752072277263807,0.0003564185225621457,0.11696024516867508,0.0003420531378144553,-0.0010577741461038949,0.0383028148947041,-0.00507029566410313,-3.086559931955969e-07,2.8005777174119504e-09,-2.61672606603325e-08,-2.4111075932702983e-05,-0.04931120918926879,-2.4300545897966287e-05,0.12953570050346894,0.11661563233323818,1948100.1020686205,6.167495477860852e-05,0.0055093048023218075,3.14335034979897e-05,0.04600265239692455,9.105647063562487e-06,7.320145703957255e-05,4.844308195750636e-06,0.04938738513364383,0.004172636542294056,0.5776373378090505,-0.0010577741461038949,0.0383028148947041,-0.00507029566410313,0.5824589138339188,0.4733640659788271,0.5943278790439407,1.6501508588568103,0.004011822204464152,-0.008154087043938144,0.004108644847773124,-0.002408084281259863,0.008890707770328387,-0.0025055164390140445,-0.0003682952105019801,-0.002262043241341074,-0.00037989529961408186,-0.0001277011572777392,1.520177740647379e-06,-0.00013359831529232048,-0.0003683207145747423,-0.00012770148376604754,-0.00037328512353019974,1.5200704706374142e-06,-0.0003800185105665751,-0.00013359844796806373,0.0006042843868010099,0.0007548068416794952,0.0006205929230365557,-2.313442528733196e-05,3.3007483020928404e-06,-2.6366559678787542e-05,0.0005525323250732349,0.0015518794371550185,0.0005491246063433903,0.03292878791384059,0.09067774401697797,0.032725867477565534,1.2278936329923066e-06,-3.311693596966481e-06,1.4860784327744983e-06,0.03225803849613446,0.039801860099904024,0.09556930061794312,0.11791900904009305,0.03155089661970454,0.038929346972983114,-0.016030281885673865,-0.006110837663487675,-0.01581879751364735,0.005183655025498677,0.005183655025498677,25.0,0.1,0.1,0.5,1.1111111,1.1111111,1.0,0.014054599999999999,0.14054570000000002,0.190985930335423
992.5986482628686,200.0,99.5,99.23264875298732,8.981264407551961,0.0004110261195384787,0.16812535536949552,0.0002251355303403285,-0.007469312187428148,0.03584476287972143,-0.005250219358758736,1.311516093242229e-07,2.5215950460819858e-06,-1.3377972295096558e-07,-2.5868273656738536e-05,-0.04937509715626263,-2.640787528222704e-05,0.18640326173108424,0.1678152117586499,2022499.232648753,-0.0001468919204408459,0.002461571753638569,-4.9581772443961935e-05,0.06850473704198375,-3.1509555059122293e-06,0.00015357230492063135,3.846613864246312e-06,0.04959175662736895,0.007576151542690412,0.5642337153011827,-0.007469312187428148,0.03584476287972143,-0.005250219358758736,0.5870303343720411,0.44680060734392235,0.5752431412261653,1.6090740829422832,0.005812249723279144,-0.011707896500154856,0.005914933227094882,-0.003849524391087119,0.012514962314599542,-0.0038444475742940346,-0.0008119428019423808,-0.002258616739721792,-0.0007821191940146458,-0.00046163128004785405,4.821182075468675e-05,-0.00044123349134312116,-0.0008121360201540932,-0.0004616303004355479,-0.0004887780899926155,4.812143477817184e-05,-0.0007822578411527083,-0.00044123419371604314,0.0013132625366186151,0.001005311588399989,0.00126076769175562,1.7747571356200756e-05,-3.4812068893071543e-05,-7.125049964632414e-06,0.0013873434428071341,0.0029746614644834144,0.001353159048127302,0.0399273251289252,0.08543680116627278,0.03894404352090846,5.808648099922188e-06,-9.24628368597508e-06,5.843073753176695e-06,0.03059421974671618,0.03774711342439718,0.07235679177842974,0.08927372715820435,0.030205612581549808,0.0372676503473069,-0.01908482016465258,-0.029037320380148626,-0.01860015106527877,0.00831760524541945,0.00831760524541945,50.0,0.1,0.1,0.5,1.1111111,1.1111111,1.0,0.007027299999999999,0.07027280000000001,0.190985930335423
982.0256090305342,200.0,99.5,99.08519905595925,6.915093944626702,0.000169782427087019,0.20406533469782462,0.00010047357773044089,0.0017605569339835484,0.03311143163722722,-0.0030124293234325863,2.2995976792385688e-07,1.8397480094680953e-06,7.554812335336499e-07,-2.831115116874276e-05,-0.04943797683322022,-2.7994981463157067e-05,0.22602692560557858,0.20349734793362775,1999099.085199056,-0.00021610632829446654,0.0005923642422326763,0.0001616359042555992,0.08524918758445522,-1.8973358571610036e-05,0.00016084339961477587,-1.2056045731989103e-05,0.04992025192378174,0.011204936485470853,0.564138252282467,0.0017605569339835484,0.03311143163722722,-0.0030124293234325863,0.5653792497414146,0.4355054222426999,0.5573841942656528,1.5582688662498612,0.0065111154094878755,-0.013094434361491132,0.0065507823279714415,-0.0040900482852702464,0.013860886622570411,-0.004120502591703067,-0.0012576937030135162,-0.002248394733977332,-0.0012195151605191184,-0.0007377874786819127,8.33859660936281e-05,-0.0007281081945045379,-0.0012576438596201306,-0.0007377878835390942,-0.000611432543781243,8.332504940317539e-05,-0.0012195994934221348,-0.0007281059186707807,0.002009140418632429,0.0012166008667621835,0.0019817704935658634,-3.4833083840897526e-05,-7.235756225033941e-05,5.810247677133638e-06,0.00230944182705183,0.004181634843203078,0.002287988810576491,0.04520410646109886,0.08184446336873831,0.04478458780861087,1.1412787228857416e-05,-1.4233700451306724e-05,1.1216590280044401e-05,0.031624781569507106,0.03901488964251544,0.06714512228306722,0.08283565627636422,0.03126825220338155,0.03857504616586756,-0.021800652867185976,-0.037348397477631225,-0.021471829395510268,0.010477610086330042,0.010477610086330042,80.0,0.1,0.1,0.5,1.1111111,1.1111111,1.0,0.0043921,0.0439205,0.190985930335423
697.4888670462365,400.0,199.5,198.8221466845278,60.61032963226721,6.78675006099329e-05,0.022758240163125668,-6.901714069629892e-05,0.0014258509115815485,0.0036150311026074064,-0.0039632078890348916,1.6374597121005746e-07,3.629807471503939e-06,1.8019879485082078e-07,-1.3196661537347861e-05,-0.043374206204300304,-1.2225120394305855e-05,0.02738598674392106,0.021921871957819826,3212798.8221466844,5.55377671428972e-06,0.002769603847074935,-1.290386526905684e-05,0.013373241400521966,-3.2938988386290085e-05,0.0001285184546236558,3.9560427828454894e-05,0.0440432639077985,0.013841418887185118,0.5643419290020094,0.0014258509115815485,0.0036150311026074064,-0.0039632078890348916,0.37823228388543584,0.3612836183211186,0.37670265510546913,1.1162185573121168,7.046379761550871e-05,-0.00025489068041319185,0.00014346720611575124,2.2625749082857756e-05,0.0003583502893786401,3.227752057194356e-05,-0.0018317422015506006,-0.0018507137746164918,-0.0017432399511706931,7.2610777535695804e-06,1.0361849268030063e-05,5.3386624620154505e-06,-0.0018317233850787906,7.260844276227654e-06,-0.0016939146701369352,1.0348727401125383e-05,-0.0017432884018642523,5.339376627301098e-06,0.003207907707393484,0.003082501570631007,0.003095271419549168,-1.4826884236863277e-05,2.7995034881879288e-05,-3.809750683049191e-06,4.541201733005127e-05,0.00015399316208322697,4.6756431126539746e-05,0.06054993939565913,0.1950986196778272,0.06234232871120713,1.1583035193787073e-08,7.669544186636158e-07,6.622094404199073e-07,0.09786522136904155,0.15273194990423006,0.473409411073304,0.7388195872318759,0.11111967332705149,0.1734173196826125,-0.033659867800049065,-0.03197646169041055,-0.034292294263868074,0.0012826523777628935,0.0012826523777628935,5.0,0.2,0.1,0.5,1.1111111,1.1111111,1.0,0.07027280000000001,0.7027284,0.381971860670846
684.1095499122183,400.0,199.5,199.63207660446824,30.378290630452344,0.0002501380216740243,0.04244295059769524,-7.415228048015164e-05,-0.0002382011667439064,0.014607411442837557,0.003981685759813692,4.6786156712890785e-07,1.5843668097559926e-06,2.8333602118221184e-07,-1.1996124733269173e-05,-0.043390617385467206,-1.3114810755002923e-05,0.05169839682600388,0.04138054364012377,3245399.6320766043,9.90821375606493e-05,0.004821188297570269,6.051383485764179e-05,0.02513297343031274,1.0707560291746788e-05,3.495403587566078e-05,-2.8562348894817895e-05,0.043962142636718785,0.012845122108223632,0.5644908375868128,-0.0002382011667439064,0.014607411442837557,0.003981685759813692,0.38433229658333595,0.3563750518743359,0.37739208233373195,1.1180994307914158,0.00035112998409007765,-0.0006946473918167448,0.00032802364231204734,-0.00019125152393368775,0.0010208863210180341,-0.00018655509119078575,-0.001628577698455108,-0.002200814219173182,-0.0016151140365303915,1.4958492945758036e-05,3.1341465899501525e-05,1.4843404154818483e-05,-0.001628580555946105,1.4958604390926229e-05,-0.0015669896182649373,3.131832240163114e-05,-0.0016150618174751803,1.4842275999818262e-05,0.0028453718070418858,0.0028499534845852657,0.002794225369176401,-7.473088915773587e-05,-0.00010269378872229693,-5.90153602346401e-05,0.0001717255259205403,0.0004902954902967474,0.00018164574288375435,0.06424744702693751,0.17474740855427448,0.06796140007238367,1.3055593161237569e-06,-4.929003061876542e-07,1.1356626258752047e-06,0.10901927149572634,0.17016296456791016,0.39706636040343385,0.6197618832839237,0.1256808590383413,0.1961692393462802,-0.03629802576163297,-0.025043119781336384,-0.03754386117613777,0.0024594176219563217,0.0024594176219563217,10.0,0.2,0.1,0.5,1.1111111,1.1111111,1.0,0.035136400000000005,0.3513642,0.381971860670846
673.2328458410685,400.0,199.5,199.44276660172793,13.672871449398128,-6.274910668079062e-05,0.08047529656046076,0.00013266490815296865,-0.0005669633510561264,0.029060996175541694,0.00018954297084600996,-4.969202704436134e-07,-9.067456144926677e-07,-1.1588942802978089e-07,-1.4550218922688354e-05,-0.04341130212855811,-1.529153273252311e-05,0.09949562711543221,0.07965162139834055,3282399.4427666017,0.0001052539345713354,0.006675677679909595,0.00015824721765768344,0.04519449471169978,-6.083490540074275e-06,0.00024158413743012268,3.946940819031674e-05,0.043972577194179574,0.01282518907678847,0.56325131289175,-0.0005669633510561264,0.029060996175541694,0.00018954297084600996,0.39702883808631534,0.3483258434735898,0.39235095545259974,1.1377056370125194,0.0016687146211531465,-0.003180649485761117,0.001500583302638042,-0.0008229505160313472,0.004016210950319438,-0.0008208238102065793,-0.001553243545974403,-0.0028051627747933427,-0.0015408419221952475,-4.467116734630221e-05,4.5123479852999425e-05,-5.24401020852067e-05,-0.0015532517954151095,-4.4671449081883286e-05,-0.0015435870896600326,4.5149830783839954e-05,-0.0015408390237926306,-5.244008011917967e-05,0.0026376794397036975,0.002902419718111301,0.0025856667041023063,5.437382049904704e-05,-5.3206056754211375e-05,-5.156276712637716e-05,0.0006334267830530819,0.0013831388277596166,0.0006226333772716214,0.06398539266219486,0.13521798133858715,0.06289367077927761,6.076341537150259e-06,-4.922839477391655e-06,5.408826083273481e-06,0.08840959978586198,0.13794887738326633,0.22042006035005124,0.3439298441762609,0.0858053604006497,0.13388538314166654,-0.03384047274604014,-0.018739526110899195,-0.033629188329447814,0.005242884973742165,0.005242884973742165,25.0,0.2,0.1,0.5,1.1111111,1.1111111,1.0,0.014054599999999999,0.14054570000000002,0.381971860670846
687.9891138576902,400.0,199.5,199.75628006658343,7.565272053220018,-0.00014848969693450866,0.1176956461313565,0.00020653816898073493,0.0013843070968014145,0.039138451978393954,0.0010119076969774083,1.1938793068722816e-07,-2.1904557687551537e-06,1.9270723435671676e-07,-1.5934013672867885e-05,-0.04345622582075674,-1.650967559178847e-05,0.14625258243995187,0.11709193739071849,3324199.7562800664,-0.0001544334919174463,0.0052231322364605015,-0.00019586025312664281,0.0642070026257667,1.789736025292448e-05,0.0005575740355374013,-2.5478062306992847e-05,0.04431593252813993,0.01589892283365556,0.5579080316271328,0.0013843070968014145,0.039138451978393954,0.0010119076969774083,0.39585407278177875,0.33987972393984445,0.4000774857010963,1.1358112824228113,0.0030816847777730434,-0.006242668753792001,0.0031464642889815256,-0.0017648156416133563,0.007893014228511748,-0.001718107136765452,-0.0019187688695297997,-0.003505891002207054,-0.0019738877995147622,-0.00033588765795560747,1.1720393991520013e-05,-0.0003403577868533616,-0.0019187468119617906,-0.00033588782322518246,-0.0018050815947591244,1.1806125039438264e-05,-0.0019738710932470918,-0.00034035798185531456,0.003119763572875157,0.0034361913583693037,0.0032293337908573523,-3.6559943554660106e-06,-3.437879205255369e-06,-1.0775711433386972e-05,0.0013323594729041104,0.0025024526811034033,0.0013708213022854561,0.06228831078098542,0.11571728125406149,0.0640857696502038,1.6579943164265917e-05,-1.3264256349397458e-05,1.6999282679391123e-05,0.06556237523182658,0.10228401850200652,0.13475920879031608,0.21023816413736154,0.06655936273308999,0.10383942108870489,-0.03193101936020259,-0.03047680376200448,-0.033238936559108055,0.008894090719933417,0.008894090719933417,50.0,0.2,0.1,0.5,1.1111111,1.1111111,1.0,0.007027299999999999,0.07027280000000001,0.381971860670846
677.8416618965507,400.0,199.5,200.42070689655174,5.449144767455169,0.0004352884545088557,0.14362906054569996,0.0005854248030158859,-0.0016036312312154954,0.03418889392803793,-0.0026632272898638423,-1.3672505945784188e-06,1.4754985558088807e-06,2.2009806676115052e-07,-1.9910972770413433e-05,-0.04353230624368462,-1.868803459344662e-05,0.1786412934600401,0.14299524708123806,3227200.4207068966,-1.7452562010243836e-05,0.003036070792943916,6.863652036904128e-05,0.07869544737447225,1.110888311446129e-05,0.0007988089169880237,5.627890856361342e-06,0.044972858485687,0.020521902252944854,0.5540288793103448,-0.0016036312312154954,0.03418889392803793,-0.0026632272898638423,0.3945520873893146,0.3328593679376278,0.3980837148242286,1.1254951701513127,0.0040067329095692045,-0.007971272724529488,0.0039622781351490565,-0.0022037495159249183,0.00926861448774224,-0.002289704020568131,-0.002541856361496796,-0.003661186781222325,-0.00258551277846542,-0.0006967337270571255,-2.7133710202132952e-05,-0.0007013246303779671,-0.0025418882913548334,-0.000696735919622811,-0.002172865380614199,-2.718415586575015e-05,-0.0025855625489490668,-0.0007013240442068031,0.004125325085437454,0.004176932316536655,0.0041878806803321,3.060495910113521e-05,4.763078645933438e-05,5.1921061163444684e-05,0.0021823787473047303,0.003335885528993353,0.002146344678181577,0.06838586645545913,0.10424271779554184,0.06725658368544618,3.0368303452264667e-05,-1.941751988290285e-05,3.119141472781687e-05,0.06142401505610677,0.09586469732726939,0.10951494988853254,0.17092040489840798,0.06087281945729769,0.09500444422920096,-0.03503787299424895,-0.0387447849773406,-0.03428261656070391,0.011915517241379311,0.011915517241379311,80.0,0.2,0.1,0.5,1.1111111,1.1111111,1.0,0.0043921,0.0439205,0.381971860670846
